id,gender,about,city,country,birthday
cc384e9c-1bd4-4b61-853b-3833a316341c,male,,,,0.0
eea019ca-98a0-4383-a295-8d82676cf00c,female,,,,4.0
1df9ec3c-e441-4cda-91c9-67ee73720f05,male,,,,0.0
394f1153-43e0-436b-8f79-40272772853a,male,,,,0.0
b01be68d-f8b4-4676-9c94-be3b25339e56,male,,Russia,Krasnoyarsk,0.0
2c0dcabb-8260-4b7f-81f0-92913727cada,male,,,,22.0
d30b4426-f0cb-44e4-a43c-b21aa63b7c8f,male,,Russia,Krasnoyarsk,0.0
cf55fb2b-927a-4372-8a4b-caedaf494b5e,male,,Russia,Krasnoyarsk,0.0
f85d20ce-9d73-4690-8758-e34220617484,male,,Russia,Krasnoyarsk,0.0
e43b92d6-394c-48cf-92f6-8334221a7268,male,,Russia,Krasnoyarsk,0.0
f894dbe6-dafd-44a4-a187-8a236ecaa327,male,,Russia,Krasnoyarsk,0.0
ee4efedc-f5d4-45c9-9e44-0a1e41206f0d,male,,Russia,Krasnoyarsk,0.0
3c0eb0d5-1e9c-4885-8308-ccce81814201,male,,Russia,Krasnoyarsk,0.0
7dc5ddde-7724-460d-8d0d-13e994842959,male,,Russia,Krasnoyarsk,0.0
22a6611c-c3d6-41e5-92ee-4d41cefc7e0a,male,,Russia,Krasnoyarsk,0.0
3580ba6b-8b4e-43b5-a88c-2c532994be66,male,,Russia,Krasnoyarsk,0.0
39badfc8-9c69-46e1-8d3a-db45c9ec454d,male,,Russia,Krasnoyarsk,0.0
50f564d5-728d-4a64-96d6-32fd65a3fb91,male,,Russia,Krasnoyarsk,0.0
c9c6e035-74de-4b17-82f5-a2530af4eb17,male,,Russia,Krasnoyarsk,0.0
62112eca-3574-41a4-a547-505a31d126f9,male,,Russia,Krasnoyarsk,0.0
